"Name","State","Notes","User","Tags","Created","Runtime","Sweep","cfg_file","dataset.dataset_name","dataset.num_samples","dataset.seq_len","dataset.task","device","draft_model.attn_implementation","draft_model.dtype","draft_model.model_name_or_path","target_model.attn_implementation","target_model.dtype","target_model.model_name_or_path","target_sparse_config.kernel_size","target_sparse_config.max_capacity_prompt","target_sparse_config.query_aggregation","target_sparse_config.sparse_type","target_sparse_config.window_size","draft_model.num_eval_tokens","target_sparse_config.num_vertical","target_sparse_config.pooling","target_sparse_config.prefill_window_size","draft_input_ratio","draft_nulls","draft_score","draft_score_all","perf/draft/compressed_input_size","perf/draft/compressed_input_size_mean","perf/draft/full_input_size","perf/draft/full_input_size_mean","perf/draft/input_length","perf/draft/input_length_mean","perf/draft/input_ratio","perf/draft/input_ratio_mean","perf/draft/mem_gb_after/generate","perf/draft/mem_gb_before/generate","perf/draft/output_length","perf/draft/output_length_mean","perf/draft/time/generate","perf/target/compressed_input_size","perf/target/compressed_input_size_mean","perf/target/full_input_size","perf/target/full_input_size_mean","perf/target/input_length","perf/target/input_length_mean","perf/target/input_ratio","perf/target/input_ratio_mean","perf/target/mem_gb_after/generate","perf/target/mem_gb_before/generate","perf/target/output_length","perf/target/output_length_mean","perf/target/time/generate","target_input_ratio","target_nulls","target_score","target_score_all"
"draft1_target1/Qwen2.5-14B-Instruct/ethan/ethan_longbench1/longbench/sparse_prefill_snapkv/00054","finished","-","","","2025-04-22T10:49:37.000Z","879","","cfg/draft1_target1/Qwen2.5-14B-Instruct/ethan/ethan_longbench1/longbench/sparse_prefill_snapkv/00054.yaml","longbench","50","","gov_report","0","flash_attention_2","bfloat16","Qwen/Qwen2.5-0.5B-Instruct","flash_attention_2","bfloat16","Qwen/Qwen2.5-14B-Instruct","5","512","max","sparse_prefill_snapkv","32","64","2048","max","2048","0.00012085759557213372","","12.51","0.0814814792801098","1","1","6672","11916.6","6672","11916.6","0.00014988009592326138","0.00012085759557213372","28.805091381073","28.50050687789917","64","64","0.6046731472015381","6672","11916.6","6672","11916.6","6672","11916.6","1","1","29.363463878631592","28.46439838409424","342","378.76","9.31898045539856","1","","26.24","0.25304135764055397"
"draft1_target1/Qwen2.5-14B-Instruct/ethan/ethan_longbench1/longbench/sparse_prefill_snapkv/00038","finished","-","","","2025-04-22T10:19:31.000Z","863","","cfg/draft1_target1/Qwen2.5-14B-Instruct/ethan/ethan_longbench1/longbench/sparse_prefill_snapkv/00038.yaml","longbench","50","","gov_report","0","flash_attention_2","bfloat16","Qwen/Qwen2.5-0.5B-Instruct","flash_attention_2","bfloat16","Qwen/Qwen2.5-14B-Instruct","5","256","max","sparse_prefill_snapkv","32","64","2048","max","2048","0.00012085759557213372","","12.51","0.0814814792801098","1","1","6672","11916.6","6672","11916.6","0.00014988009592326138","0.00012085759557213372","28.805091381073","28.50050687789917","64","64","0.6080574989318848","6672","11916.6","6672","11916.6","6672","11916.6","1","1","29.3125581741333","28.464398860931396","181","373.48","5.310420989990234","1","","24.74","0.18343194844858385"
"draft1_target1/Llama-3.1-8B-Instruct/ethan/ethan_longbench1/longbench/sparse_prefill_snapkv/00022","finished","-","","","2025-04-22T09:58:05.000Z","641","","cfg/draft1_target1/Llama-3.1-8B-Instruct/ethan/ethan_longbench1/longbench/sparse_prefill_snapkv/00022.yaml","longbench","50","","gov_report","0","flash_attention_2","bfloat16","meta-llama/Llama-3.2-1B-Instruct","flash_attention_2","bfloat16","meta-llama/Llama-3.1-8B-Instruct","5","512","max","sparse_prefill_snapkv","32","64","2048","max","2048","0.000124254791287188","","15.9","0.1672727248386116","1","1","6476","11507.48","6476","11507.48","0.00015441630636195183","0.000124254791287188","17.91661500930786","17.32135772705078","64","64","0.4641761779785156","6476","11507.48","6476","11507.48","6476","11507.48","1","1","18.106157779693604","17.290894031524658","441","443.1","55.353230476379395","1","","26.83","0.2959427158437239"
"draft1_target1/Llama-3.1-8B-Instruct/ethan/ethan_longbench1/longbench/sparse_prefill_snapkv/00004","finished","-","","","2025-04-22T09:38:50.000Z","599","","cfg/draft1_target1/Llama-3.1-8B-Instruct/ethan/ethan_longbench1/longbench/sparse_prefill_snapkv/00004.yaml","longbench","50","","2wikimqa","2","flash_attention_2","bfloat16","meta-llama/Llama-3.2-1B-Instruct","flash_attention_2","bfloat16","meta-llama/Llama-3.1-8B-Instruct","5","256","max","sparse_prefill_snapkv","32","64","2048","max","2048","0.000124254791287188","","15.9","1","1","1","5149","7644.82","5149","7644.82","0.0001942124684404739","0.00017596448118699045","17.766537189483643","17.29313611984253","9","6.74","0.10367107391357422","6476","11507.48","6476","11507.48","6476","11507.48","1","1","18.071579933166504","17.2908935546875","497","422.34","7.900451183319092","1","","23.91","0.2857142808163266"
"draft1_target1/Llama-3.1-8B-Instruct/ethan/ethan_longbench1/longbench/sparse_prefill_snapkv/00006","finished","-","","","2025-04-22T13:06:35.000Z","569","","cfg/draft1_target1/Llama-3.1-8B-Instruct/ethan/ethan_longbench1/longbench/sparse_prefill_snapkv/00006.yaml","longbench","50","","gov_report","3","flash_attention_2","bfloat16","meta-llama/Llama-3.2-1B-Instruct","flash_attention_2","bfloat16","meta-llama/Llama-3.1-8B-Instruct","5","256","max","sparse_prefill_snapkv","32","64","2048","max","2048","0.000124254791287188","","15.9","0.1672727248386116","1","1","6476","11507.48","6476","11507.48","0.00015441630636195183","0.000124254791287188","2.9592432975769043","2.363825798034668","64","64","0.4508335590362549","6476","11507.48","6476","11507.48","6476","11507.48","1","1","18.071579933166504","17.2908935546875","497","422.34","7.830448865890503","1","","23.91","0.2857142808163266"
"draft1_target1/Qwen2.5-14B-Instruct/ethan/ethan_longbench1/longbench/sparse_prefill_snapkv/00059","finished","-","","","2025-04-22T10:56:53.000Z","403","","cfg/draft1_target1/Qwen2.5-14B-Instruct/ethan/ethan_longbench1/longbench/sparse_prefill_snapkv/00059.yaml","longbench","50","","samsum","1","flash_attention_2","bfloat16","Qwen/Qwen2.5-0.5B-Instruct","flash_attention_2","bfloat16","Qwen/Qwen2.5-14B-Instruct","5","512","max","sparse_prefill_snapkv","32","64","2048","max","2048","0.0001418038641578644","","36.86","0.3333333285802469","1","1","12878","10090.26","12878","10090.26","0.00007765180928715639","0.0001418038641578644","29.086462020874023","28.499171257019043","64","64","0.6452157497406006","12878","10090.26","12878","10090.26","12878","10090.26","1","1","30.071595191955566","28.462998867034912","128","128","43.391608476638794","1","","29.29","0.6363636313636364"
"draft1_target1/Qwen2.5-14B-Instruct/ethan/ethan_longbench1/longbench/sparse_prefill_snapkv/00043","finished","-","","","2025-04-22T10:33:58.000Z","373","","cfg/draft1_target1/Qwen2.5-14B-Instruct/ethan/ethan_longbench1/longbench/sparse_prefill_snapkv/00043.yaml","longbench","50","","samsum","0","flash_attention_2","bfloat16","Qwen/Qwen2.5-0.5B-Instruct","flash_attention_2","bfloat16","Qwen/Qwen2.5-14B-Instruct","5","256","max","sparse_prefill_snapkv","32","64","2048","max","2048","0.0001418038641578644","","36.86","0.3333333285802469","1","1","12878","10090.26","12878","10090.26","0.00007765180928715639","0.0001418038641578644","29.087339401245117","28.500514030456543","64","64","0.6621885299682617","12878","10090.26","12878","10090.26","12878","10090.26","1","1","30.023113250732425","28.464341640472412","128","128","4.6093831062316895","1","","25.82","0.15789473196675916"
"draft1_target1/Qwen2.5-14B-Instruct/ethan/ethan_longbench1/longbench/sparse_prefill_snapkv/00042","finished","-","","","2025-04-22T10:32:04.000Z","362","","cfg/draft1_target1/Qwen2.5-14B-Instruct/ethan/ethan_longbench1/longbench/sparse_prefill_snapkv/00042.yaml","longbench","50","","triviaqa","2","flash_attention_2","bfloat16","Qwen/Qwen2.5-0.5B-Instruct","flash_attention_2","bfloat16","Qwen/Qwen2.5-14B-Instruct","5","256","max","sparse_prefill_snapkv","32","64","2048","max","2048","0.00007336906547958129","","0","1","1","1","4468","12729.32","4468","12729.32","0.00022381378692927484","0.0001176399766437281","28.677407264709473","28.47242116928101","64","58.92","0.6379055976867676","12689","15373.04","12689","15373.04","12689","15373.04","1","1","29.990327835083008","28.463627815246586","30","27.48","2.3028764724731445","1","","4.33","0"
"draft1_target1/Llama-3.1-8B-Instruct/ethan/ethan_longbench1/longbench/sparse_prefill_snapkv/00026","finished","-","","","2025-04-22T10:06:18.000Z","341","","cfg/draft1_target1/Llama-3.1-8B-Instruct/ethan/ethan_longbench1/longbench/sparse_prefill_snapkv/00026.yaml","longbench","50","","triviaqa","2","flash_attention_2","bfloat16","meta-llama/Llama-3.2-1B-Instruct","flash_attention_2","bfloat16","meta-llama/Llama-3.1-8B-Instruct","5","512","max","sparse_prefill_snapkv","32","64","2048","max","2048","0.00014226922599909166","","39.45","1","1","1","4181","12284.98","4181","12284.98","0.0002391772303276728","0.00012180517758519905","17.70520257949829","17.321295738220215","4","58.02","0.06211304664611816","12846","10056.66","12846","10056.66","12846","10056.66","1","1","18.798813819885257","17.290846824645996","128","128","2.689552068710327","1","","35.3","0.3921568578392926"
"draft1_target1/Qwen2.5-14B-Instruct/ethan/ethan_longbench1/longbench/sparse_prefill_snapkv/00058","finished","-","","","2025-04-22T10:55:39.000Z","340","","cfg/draft1_target1/Qwen2.5-14B-Instruct/ethan/ethan_longbench1/longbench/sparse_prefill_snapkv/00058.yaml","longbench","50","","triviaqa","3","flash_attention_2","bfloat16","Qwen/Qwen2.5-0.5B-Instruct","flash_attention_2","bfloat16","Qwen/Qwen2.5-14B-Instruct","5","512","max","sparse_prefill_snapkv","32","64","2048","max","2048","0.00007802922726522599","","2","1","1","1","4468","12729.32","4468","12729.32","0.00022381378692927484","0.0001176399766437281","1.1644067764282229","0.9605965614318848","64","58.92","0.6113314628601074","14541","12962.06","14541","12962.06","14541","12962.06","1","1","30.254770755767822","28.463908195495605","32","20.88","2.530088186264038","1","","92","1"
"draft1_target1/Qwen2.5-14B-Instruct/ethan/ethan_longbench1/longbench/sparse_prefill_snapkv/00055","finished","-","","","2025-04-22T10:52:06.000Z","339","","cfg/draft1_target1/Qwen2.5-14B-Instruct/ethan/ethan_longbench1/longbench/sparse_prefill_snapkv/00055.yaml","longbench","50","","qmsum","2","flash_attention_2","bfloat16","Qwen/Qwen2.5-0.5B-Instruct","flash_attention_2","bfloat16","Qwen/Qwen2.5-14B-Instruct","5","512","max","sparse_prefill_snapkv","32","64","2048","max","2048","0.00009032095206409022","","19.43","0.19512194740928024","1","1","13084","13215.66","13084","13215.66","0.00007642922653622745","0.00009032095206409022","29.08298110961914","28.48559808731079","35","38.4","0.4187967777252197","13084","13215.66","13084","13215.66","13084","13215.66","1","1","30.09572410583496","28.463672637939453","100","92.96","4.341524839401245","1","","23.52","0.28358208459233686"
"draft1_target1/Qwen2.5-14B-Instruct/ethan/ethan_longbench1/longbench/sparse_prefill_snapkv/00039","finished","-","","","2025-04-22T10:21:56.000Z","335","","cfg/draft1_target1/Qwen2.5-14B-Instruct/ethan/ethan_longbench1/longbench/sparse_prefill_snapkv/00039.yaml","longbench","50","","qmsum","2","flash_attention_2","bfloat16","Qwen/Qwen2.5-0.5B-Instruct","flash_attention_2","bfloat16","Qwen/Qwen2.5-14B-Instruct","5","256","max","sparse_prefill_snapkv","32","64","2048","max","2048","0.00009032095206409022","","19.43","0.19512194740928024","1","1","13084","13215.66","13084","13215.66","0.00007642922653622745","0.00009032095206409022","29.08298110961914","28.48559808731079","35","38.4","0.417834997177124","13084","13215.66","13084","13215.66","13084","13215.66","1","1","30.046924591064453","28.463672637939453","118","90.7","4.529195547103882","1","","23.48","0.24460431162155177"
"draft1_target1/Qwen2.5-14B-Instruct/ethan/ethan_longbench1/longbench/sparse_prefill_snapkv/00046","finished","-","","","2025-04-22T10:40:13.000Z","334","","cfg/draft1_target1/Qwen2.5-14B-Instruct/ethan/ethan_longbench1/longbench/sparse_prefill_snapkv/00046.yaml","longbench","50","","lcc","0","flash_attention_2","bfloat16","Qwen/Qwen2.5-0.5B-Instruct","flash_attention_2","bfloat16","Qwen/Qwen2.5-14B-Instruct","5","256","max","sparse_prefill_snapkv","32","64","2048","max","2048","0.00014094042860833222","","34.74","0","1","1","2842","3069.16","2842","3069.16","0.0003518648838845883","0.0004231646175683626","28.630054473876953","28.50043821334839","64","62.24","0.588639497756958","4316","10165.96","4316","10165.96","4316","10165.96","1","1","29.032084941864017","28.464346885681152","64","64","2.0614006519317627","1","","46.22","0.98"
"draft1_target1/Qwen2.5-14B-Instruct/ethan/ethan_longbench1/longbench/sparse_prefill_snapkv/00048","finished","-","","","2025-04-22T10:41:05.000Z","328","","cfg/draft1_target1/Qwen2.5-14B-Instruct/ethan/ethan_longbench1/longbench/sparse_prefill_snapkv/00048.yaml","longbench","50","","narrativeqa","2","flash_attention_2","bfloat16","Qwen/Qwen2.5-0.5B-Instruct","flash_attention_2","bfloat16","Qwen/Qwen2.5-14B-Instruct","5","512","max","sparse_prefill_snapkv","32","64","2048","max","2048","0.00005140864207430669","","10.77","0.07142857142857144","1","1","13539","28782.38","13539","28782.38","0.00007386069872220991","0.00005140864207430669","29.086194038391113","28.46839141845703","36","18.34","0.43615031242370605","13539","28782.38","13539","28782.38","13539","28782.38","1","1","30.148369312286377","28.464338779449463","7","11.06","1.8601670265197752","1","","29.01","0"
"draft1_target1/Qwen2.5-14B-Instruct/ethan/ethan_longbench1/longbench/sparse_prefill_snapkv/00034","finished","-","","","2025-04-22T10:16:29.000Z","325","","cfg/draft1_target1/Qwen2.5-14B-Instruct/ethan/ethan_longbench1/longbench/sparse_prefill_snapkv/00034.yaml","longbench","50","","multifieldqa_en","2","flash_attention_2","bfloat16","Qwen/Qwen2.5-0.5B-Instruct","flash_attention_2","bfloat16","Qwen/Qwen2.5-14B-Instruct","5","256","max","sparse_prefill_snapkv","32","64","2048","max","2048","0.00006063210204474352","","13.25","0.7857142857142858","1","1","6458","7685.94","6458","7685.94","0.0001548467017652524","0.00017882752820529632","28.774510383605957","28.47866725921631","24","25.88","3.479149580001831","16926","16582.82","16926","16582.82","16926","16582.82","1","1","30.48178339004517","28.463711261749268","2","7.68","2.11217999458313","1","","39.96","0"
"draft1_target1/Qwen2.5-14B-Instruct/ethan/ethan_longbench1/longbench/sparse_prefill_snapkv/00050","finished","-","","","2025-04-22T10:46:37.000Z","325","","cfg/draft1_target1/Qwen2.5-14B-Instruct/ethan/ethan_longbench1/longbench/sparse_prefill_snapkv/00050.yaml","longbench","50","","multifieldqa_en","2","flash_attention_2","bfloat16","Qwen/Qwen2.5-0.5B-Instruct","flash_attention_2","bfloat16","Qwen/Qwen2.5-14B-Instruct","5","512","max","sparse_prefill_snapkv","32","64","2048","max","2048","0.00006063210204474352","","13.25","0.7857142857142858","1","1","6458","7685.94","6458","7685.94","0.0001548467017652524","0.00017882752820529632","28.774510383605957","28.47866725921631","24","25.88","0.2606487274169922","16926","16582.82","16926","16582.82","16926","16582.82","1","1","30.530529975891113","28.463711261749268","2","5.72","2.135007619857788","1","","41.81","0"
"draft1_target1/Llama-3.1-8B-Instruct/ethan/ethan_longbench1/longbench/sparse_prefill_snapkv/00030","finished","-","","","2025-04-22T10:11:46.000Z","302","","cfg/draft1_target1/Llama-3.1-8B-Instruct/ethan/ethan_longbench1/longbench/sparse_prefill_snapkv/00030.yaml","longbench","50","","lcc","0","flash_attention_2","bfloat16","meta-llama/Llama-3.2-1B-Instruct","flash_attention_2","bfloat16","meta-llama/Llama-3.1-8B-Instruct","5","512","max","sparse_prefill_snapkv","32","64","2048","max","2048","0.00005140864207430669","","10.77","0.47","1","1","2761","3038.62","2761","3038.62","0.0003621876131836291","0.00042586482577622","17.57481336593628","17.32129192352295","64","64","0.4180769920349121","13539","28782.38","13539","28782.38","13539","28782.38","1","1","30.10057544708252","28.465193271636963","7","12.28","1.852973222732544","1","","23.18","0"
"draft1_target1/Qwen2.5-14B-Instruct/ethan/ethan_longbench1/longbench/sparse_prefill_snapkv/00047","finished","-","","","2025-04-22T13:14:26.000Z","298","","cfg/draft1_target1/Qwen2.5-14B-Instruct/ethan/ethan_longbench1/longbench/sparse_prefill_snapkv/00047.yaml","longbench","50","","repobench-p","2","flash_attention_2","bfloat16","Qwen/Qwen2.5-0.5B-Instruct","flash_attention_2","bfloat16","Qwen/Qwen2.5-14B-Instruct","5","256","max","sparse_prefill_snapkv","32","64","2048","max","2048","0.00014094042860833222","","34.74","0","1","1","4316","10165.96","4316","10165.96","0.00023169601482854495","0.00014094042860833222","28.69784784317017","28.499142169952393","64","64","0.5943834781646729","4316","10165.96","4316","10165.96","4316","10165.96","1","1","29.03019428253174","28.463004112243652","64","64","2.1001245975494385","1","","46.22","0.98"
"draft1_target1/Qwen2.5-14B-Instruct/ethan/ethan_longbench1/longbench/sparse_prefill_snapkv/00057","finished","-","","","2025-04-22T13:17:06.000Z","282","","cfg/draft1_target1/Qwen2.5-14B-Instruct/ethan/ethan_longbench1/longbench/sparse_prefill_snapkv/00057.yaml","longbench","50","","trec","3","flash_attention_2","bfloat16","Qwen/Qwen2.5-0.5B-Instruct","flash_attention_2","bfloat16","Qwen/Qwen2.5-14B-Instruct","5","512","max","sparse_prefill_snapkv","32","64","2048","max","2048","0.0001825975489371237","","60","1","1","1","11123","6860.34","11123","6860.34","0.00008990380293086398","0.0001825975489371237","1.4959454536437988","0.9878373146057128","64","64","0.6131496429443359","11123","6860.34","11123","6860.34","11123","6860.34","1","1","29.868974685668945","28.463016033172607","64","64","2.9435839653015137","1","","80","0"
"draft1_target1/Qwen2.5-14B-Instruct/ethan/ethan_longbench1/longbench/sparse_prefill_snapkv/00032","finished","-","","","2025-04-22T13:09:37.000Z","272","","cfg/draft1_target1/Qwen2.5-14B-Instruct/ethan/ethan_longbench1/longbench/sparse_prefill_snapkv/00032.yaml","longbench","50","","narrativeqa","1","flash_attention_2","bfloat16","Qwen/Qwen2.5-0.5B-Instruct","flash_attention_2","bfloat16","Qwen/Qwen2.5-14B-Instruct","5","256","max","sparse_prefill_snapkv","32","64","2048","max","2048","0.00005140864207430669","","10.77","0.07142857142857144","1","1","13539","28782.38","13539","28782.38","0.00007386069872220991","0.00005140864207430669","16.532468795776367","15.915441513061523","36","18.34","0.41341614723205566","13539","28782.38","13539","28782.38","13539","28782.38","1","1","30.100924491882324","28.465193271636963","7","12.28","1.8877546787261963","1","","23.18","0"
"draft1_target1/Qwen2.5-14B-Instruct/ethan/ethan_longbench1/longbench/sparse_prefill_snapkv/00056","finished","-","","","2025-04-22T10:52:07.000Z","271","","cfg/draft1_target1/Qwen2.5-14B-Instruct/ethan/ethan_longbench1/longbench/sparse_prefill_snapkv/00056.yaml","longbench","50","","multi_news","1","flash_attention_2","bfloat16","Qwen/Qwen2.5-0.5B-Instruct","flash_attention_2","bfloat16","Qwen/Qwen2.5-14B-Instruct","5","512","max","sparse_prefill_snapkv","32","64","2048","max","2048","0.0001825975489371237","","60","0.16289592425298424","1","1","1593","2509.66","1593","2509.66","0.0006277463904582549","0.0006519416477808198","1.0791664123535156","0.9877419471740724","64","64","0.5783059597015381","11123","6860.34","11123","6860.34","11123","6860.34","1","1","29.869537353515625","28.463016033172607","64","64","2.947958707809448","1","","80","0"
"draft1_target1/Llama-3.1-8B-Instruct/ethan/ethan_longbench1/longbench/sparse_prefill_snapkv/00027","finished","-","","","2025-04-22T13:08:01.000Z","269","","cfg/draft1_target1/Llama-3.1-8B-Instruct/ethan/ethan_longbench1/longbench/sparse_prefill_snapkv/00027.yaml","longbench","50","","samsum","0","flash_attention_2","bfloat16","meta-llama/Llama-3.2-1B-Instruct","flash_attention_2","bfloat16","meta-llama/Llama-3.1-8B-Instruct","5","512","max","sparse_prefill_snapkv","32","64","2048","max","2048","0.00014226922599909166","","39.45","0.3396226366536135","1","1","12846","10056.66","12846","10056.66","0.00007784524365561264","0.00014226922599909166","18.480855464935303","17.301300048828125","56","40.64","4.773181676864624","12846","10056.66","12846","10056.66","12846","10056.66","1","1","18.798813819885257","17.290846824645996","128","128","10.365538358688354","1","","35.3","0.3921568578392926"
"draft1_target1/Qwen2.5-14B-Instruct/ethan/ethan_longbench1/longbench/sparse_prefill_snapkv/00040","finished","-","","","2025-04-22T10:27:35.000Z","267","","cfg/draft1_target1/Qwen2.5-14B-Instruct/ethan/ethan_longbench1/longbench/sparse_prefill_snapkv/00040.yaml","longbench","50","","multi_news","2","flash_attention_2","bfloat16","Qwen/Qwen2.5-0.5B-Instruct","flash_attention_2","bfloat16","Qwen/Qwen2.5-14B-Instruct","5","256","max","sparse_prefill_snapkv","32","64","2048","max","2048","0.0001825975489371237","","60","0.16289592425298424","1","1","1593","2509.66","1593","2509.66","0.0006277463904582549","0.0006519416477808198","28.590991020202637","28.499566555023193","64","64","0.6281108856201172","11123","6860.34","11123","6860.34","11123","6860.34","1","1","29.81886863708496","28.463504314422607","64","64","2.9532201290130615","1","","76","0"
"draft1_target1/Llama-3.1-8B-Instruct/ethan/ethan_longbench1/longbench/sparse_prefill_snapkv/00011","finished","-","","","2025-04-22T09:48:52.000Z","241","","cfg/draft1_target1/Llama-3.1-8B-Instruct/ethan/ethan_longbench1/longbench/sparse_prefill_snapkv/00011.yaml","longbench","50","","samsum","2","flash_attention_2","bfloat16","meta-llama/Llama-3.2-1B-Instruct","flash_attention_2","bfloat16","meta-llama/Llama-3.1-8B-Instruct","5","256","max","sparse_prefill_snapkv","32","64","2048","max","2048","0.00014226922599909166","","39.45","0.3396226366536135","1","1","12846","10056.66","12846","10056.66","0.00007784524365561264","0.00014226922599909166","18.480834484100345","17.301300048828125","56","40.64","5.904931545257568","12846","10056.66","12846","10056.66","12846","10056.66","1","1","18.76289129257202","17.290846824645996","128","128","29.05921959877014","1","","35.16","0.29166666170138894"
"draft1_target1/Qwen2.5-14B-Instruct/ethan/ethan_longbench1/longbench/sparse_prefill_snapkv/00063","finished","-","","","2025-04-22T11:01:21.000Z","237","","cfg/draft1_target1/Qwen2.5-14B-Instruct/ethan/ethan_longbench1/longbench/sparse_prefill_snapkv/00063.yaml","longbench","50","","repobench-p","3","flash_attention_2","bfloat16","Qwen/Qwen2.5-0.5B-Instruct","flash_attention_2","bfloat16","Qwen/Qwen2.5-14B-Instruct","5","512","max","sparse_prefill_snapkv","32","64","2048","max","2048","0.00014094042860833222","","34.74","0","1","1","4316","10165.96","4316","10165.96","0.00023169601482854495","0.00014094042860833222","28.69887685775757","28.49989318847656","64","64","0.598944902420044","4316","10165.96","4316","10165.96","4316","10165.96","1","1","29.085453510284424","28.463755130767822","64","64","2.1078624725341797","1","","41.28","0.98"
"draft1_target1/Qwen2.5-14B-Instruct/ethan/ethan_longbench1/longbench/sparse_prefill_snapkv/00041","finished","-","","","2025-04-22T13:12:32.000Z","225","","cfg/draft1_target1/Qwen2.5-14B-Instruct/ethan/ethan_longbench1/longbench/sparse_prefill_snapkv/00041.yaml","longbench","50","","trec","0","flash_attention_2","bfloat16","Qwen/Qwen2.5-0.5B-Instruct","flash_attention_2","bfloat16","Qwen/Qwen2.5-14B-Instruct","5","256","max","sparse_prefill_snapkv","32","64","2048","max","2048","0.0001825975489371237","","60","1","1","1","11123","6860.34","11123","6860.34","0.00008990380293086398","0.0001825975489371237","16.453577041625977","15.946712017059326","64","64","0.6467580795288086","11123","6860.34","11123","6860.34","11123","6860.34","1","1","29.820669174194336","28.465304851531982","64","64","2.9559853076934814","1","","76","0"
"draft1_target1/Llama-3.1-8B-Instruct/ethan/ethan_longbench1/longbench/sparse_prefill_snapkv/00023","finished","-","","","2025-04-22T09:59:29.000Z","210","","cfg/draft1_target1/Llama-3.1-8B-Instruct/ethan/ethan_longbench1/longbench/sparse_prefill_snapkv/00023.yaml","longbench","50","","qmsum","2","flash_attention_2","bfloat16","meta-llama/Llama-3.2-1B-Instruct","flash_attention_2","bfloat16","meta-llama/Llama-3.1-8B-Instruct","5","512","max","sparse_prefill_snapkv","32","64","2048","max","2048","0.00009005479115299472","","21.91","0.310679606820624","1","1","13081","13221.46","13081","13221.46","0.00007644675483525724","0.00009005479115299472","18.515579223632812","17.313334941864014","64","56.9","0.5809884071350098","13081","13221.46","13081","13221.46","13081","13221.46","1","1","18.84098243713379","17.291041374206543","146","100.94","3.0032153129577637","1","","23.96","0.232876707463877"
"draft1_target1/Qwen2.5-14B-Instruct/ethan/ethan_longbench1/longbench/sparse_prefill_snapkv/00062","finished","-","","","2025-04-22T13:28:24.000Z","203","","cfg/draft1_target1/Qwen2.5-14B-Instruct/ethan/ethan_longbench1/longbench/sparse_prefill_snapkv/00062.yaml","longbench","50","","lcc","3","flash_attention_2","bfloat16","Qwen/Qwen2.5-0.5B-Instruct","flash_attention_2","bfloat16","Qwen/Qwen2.5-14B-Instruct","5","512","max","sparse_prefill_snapkv","32","64","2048","max","2048","0.0004231646175683626","","30.78","0","1","1","2842","3069.16","2842","3069.16","0.0003518648838845883","0.0004231646175683626","1.117314338684082","0.9877591133117676","64","62.24","0.5810849666595459","2842","3069.16","2842","3069.16","2842","3069.16","1","1","28.90739870071411","28.462921142578125","64","64","1.916762113571167","1","","53.1","0"
"draft1_target1/Llama-3.1-8B-Instruct/ethan/ethan_longbench1/longbench/sparse_prefill_snapkv/00007","finished","-","","","2025-04-22T09:41:07.000Z","203","","cfg/draft1_target1/Llama-3.1-8B-Instruct/ethan/ethan_longbench1/longbench/sparse_prefill_snapkv/00007.yaml","longbench","50","","qmsum","0","flash_attention_2","bfloat16","meta-llama/Llama-3.2-1B-Instruct","flash_attention_2","bfloat16","meta-llama/Llama-3.1-8B-Instruct","5","256","max","sparse_prefill_snapkv","32","64","2048","max","2048","0.00009005479115299472","","21.91","0.310679606820624","1","1","13081","13221.46","13081","13221.46","0.00007644675483525724","0.00009005479115299472","18.515840530395508","17.313334941864014","64","56.9","0.5549571514129639","13081","13221.46","13081","13221.46","13081","13221.46","1","1","18.80575942993164","17.291041374206543","91","92.72","2.134535074234009","1","","24.43","0.26315788976146515"
"draft1_target1/Llama-3.1-8B-Instruct/ethan/ethan_longbench1/longbench/sparse_prefill_snapkv/00000","finished","-","","","2025-04-22T09:35:26.000Z","202","","cfg/draft1_target1/Llama-3.1-8B-Instruct/ethan/ethan_longbench1/longbench/sparse_prefill_snapkv/00000.yaml","longbench","50","","narrativeqa","2","flash_attention_2","bfloat16","meta-llama/Llama-3.2-1B-Instruct","flash_attention_2","bfloat16","meta-llama/Llama-3.1-8B-Instruct","5","256","max","sparse_prefill_snapkv","32","64","2048","max","2048","0.0000516098910217567","","17.48","0","1","1","13569","28729.98","13569","28729.98","0.00007369739848183359","0.0000516098910217567","3.5838265419006348","2.337027072906494","38","17.2","0.40318965911865234","13569","28729.98","13569","28729.98","13569","28729.98","1","1","18.854363918304443","17.291708946228027","9","10.98","1.0417075157165527","1","","26.69","0.16666666666666666"
"draft1_target1/Llama-3.1-8B-Instruct/ethan/ethan_longbench1/longbench/sparse_prefill_snapkv/00014","finished","-","","","2025-04-22T09:51:52.000Z","199","","cfg/draft1_target1/Llama-3.1-8B-Instruct/ethan/ethan_longbench1/longbench/sparse_prefill_snapkv/00014.yaml","longbench","50","","lcc","0","flash_attention_2","bfloat16","meta-llama/Llama-3.2-1B-Instruct","flash_attention_2","bfloat16","meta-llama/Llama-3.1-8B-Instruct","5","256","max","sparse_prefill_snapkv","32","64","2048","max","2048","0.0001422102178068484","","38.24","0.47","1","1","2761","3038.62","2761","3038.62","0.0003621876131836291","0.00042586482577622","17.57481336593628","17.32129192352295","64","64","0.4183082580566406","4310","10103.5","4310","10103.5","4310","10103.5","1","1","17.81723117828369","17.29086971282959","64","64","1.2227916717529297","1","","53.58","0.98"
"draft1_target1/Qwen2.5-14B-Instruct/ethan/ethan_longbench1/longbench/sparse_prefill_snapkv/00037","finished","-","","","2025-04-22T13:11:08.000Z","196","","cfg/draft1_target1/Qwen2.5-14B-Instruct/ethan/ethan_longbench1/longbench/sparse_prefill_snapkv/00037.yaml","longbench","50","","musique","2","flash_attention_2","bfloat16","Qwen/Qwen2.5-0.5B-Instruct","flash_attention_2","bfloat16","Qwen/Qwen2.5-14B-Instruct","5","256","max","sparse_prefill_snapkv","32","64","2048","max","2048","0.00006063210204474352","","13.25","0","1","1","16926","16582.82","16926","16582.82","0.00005908070424199457","0.00006063210204474352","1.7259831428527832","0.9546999931335448","3","9.58","0.1492633819580078","16926","16582.82","16926","16582.82","16926","16582.82","1","1","30.48129510879517","28.463222980499268","2","7.68","2.1132991313934326","1","","39.96","0"
"draft1_target1/Qwen2.5-14B-Instruct/ethan/ethan_longbench1/longbench/sparse_prefill_snapkv/00060","finished","-","","","2025-04-22T10:57:47.000Z","195","","cfg/draft1_target1/Qwen2.5-14B-Instruct/ethan/ethan_longbench1/longbench/sparse_prefill_snapkv/00060.yaml","longbench","50","","passage_count","2","flash_attention_2","bfloat16","Qwen/Qwen2.5-0.5B-Instruct","flash_attention_2","bfloat16","Qwen/Qwen2.5-14B-Instruct","5","512","max","sparse_prefill_snapkv","32","64","2048","max","2048","0.00007336906547958129","","0","0","1","1","12689","15373.04","12689","15373.04","0.00007880841673890771","0.00007336906547958129","29.04432487487793","28.464866638183594","2","2","0.0986640453338623","12689","15373.04","12689","15373.04","12689","15373.04","1","1","30.03946304321289","28.463627815246586","32","29.16","2.3387792110443115","1","","4","0"
"draft1_target1/Llama-3.1-8B-Instruct/ethan/ethan_longbench1/longbench/sparse_prefill_snapkv/00024","finished","-","","","2025-04-22T10:03:02.000Z","194","","cfg/draft1_target1/Llama-3.1-8B-Instruct/ethan/ethan_longbench1/longbench/sparse_prefill_snapkv/00024.yaml","longbench","50","","multi_news","2","flash_attention_2","bfloat16","meta-llama/Llama-3.2-1B-Instruct","flash_attention_2","bfloat16","meta-llama/Llama-3.1-8B-Instruct","5","512","max","sparse_prefill_snapkv","32","64","2048","max","2048","0.00018408511879044673","","60","0.22522522183589","1","1","1601","2504.28","1601","2504.28","0.0006246096189881324","0.0006321882642126078","17.470829010009766","17.32127571105957","64","64","0.4466164112091065","11033","6801.04","11033","6801.04","11033","6801.04","1","1","18.598339557647705","17.290881156921387","64","64","1.6031548976898191","1","","64","1"
"draft1_target1/Qwen2.5-14B-Instruct/ethan/ethan_longbench1/longbench/sparse_prefill_snapkv/00044","finished","-","","","2025-04-22T13:14:11.000Z","193","","cfg/draft1_target1/Qwen2.5-14B-Instruct/ethan/ethan_longbench1/longbench/sparse_prefill_snapkv/00044.yaml","longbench","50","","passage_count","1","flash_attention_2","bfloat16","Qwen/Qwen2.5-0.5B-Instruct","flash_attention_2","bfloat16","Qwen/Qwen2.5-14B-Instruct","5","256","max","sparse_prefill_snapkv","32","64","2048","max","2048","0.00007336906547958129","","0","0","1","1","12689","15373.04","12689","15373.04","0.00007880841673890771","0.00007336906547958129","29.044734954833984","28.46549129486084","2","2","0.09867310523986816","12689","15373.04","12689","15373.04","12689","15373.04","1","1","29.991952896118164","28.46448230743408","30","27.48","2.327975034713745","1","","4.33","0"
"draft1_target1/Llama-3.1-8B-Instruct/ethan/ethan_longbench1/longbench/sparse_prefill_snapkv/00008","finished","-","","","2025-04-22T09:44:32.000Z","191","","cfg/draft1_target1/Llama-3.1-8B-Instruct/ethan/ethan_longbench1/longbench/sparse_prefill_snapkv/00008.yaml","longbench","50","","multi_news","0","flash_attention_2","bfloat16","meta-llama/Llama-3.2-1B-Instruct","flash_attention_2","bfloat16","meta-llama/Llama-3.1-8B-Instruct","5","256","max","sparse_prefill_snapkv","32","64","2048","max","2048","0.00018408511879044673","","60","0.22522522183589","1","1","1601","2504.28","1601","2504.28","0.0006246096189881324","0.0006321882642126078","17.47061586380005","17.32127571105957","64","64","0.4168074131011963","11033","6801.04","11033","6801.04","11033","6801.04","1","1","18.563540935516357","17.290881156921387","64","64","1.5917456150054932","1","","66","1"
"draft1_target1/Llama-3.1-8B-Instruct/ethan/ethan_longbench1/longbench/sparse_prefill_snapkv/00016","finished","-","","","2025-04-22T09:53:04.000Z","189","","cfg/draft1_target1/Llama-3.1-8B-Instruct/ethan/ethan_longbench1/longbench/sparse_prefill_snapkv/00016.yaml","longbench","50","","narrativeqa","2","flash_attention_2","bfloat16","meta-llama/Llama-3.2-1B-Instruct","flash_attention_2","bfloat16","meta-llama/Llama-3.1-8B-Instruct","5","512","max","sparse_prefill_snapkv","32","64","2048","max","2048","0.0000516098910217567","","17.48","0","1","1","13569","28729.98","13569","28729.98","0.00007369739848183359","0.0000516098910217567","18.541225910186768","17.295303344726562","38","17.2","0.4143910408020019","13569","28729.98","13569","28729.98","13569","28729.98","1","1","18.88727569580078","17.291708946228027","8","9.5","2.4932286739349365","1","","25.18","0.3636363636363636"
"draft1_target1/Llama-3.1-8B-Instruct/ethan/ethan_longbench1/longbench/sparse_prefill_snapkv/00018","finished","-","","","2025-04-22T09:56:23.000Z","184","","cfg/draft1_target1/Llama-3.1-8B-Instruct/ethan/ethan_longbench1/longbench/sparse_prefill_snapkv/00018.yaml","longbench","50","","multifieldqa_en","2","flash_attention_2","bfloat16","meta-llama/Llama-3.2-1B-Instruct","flash_attention_2","bfloat16","meta-llama/Llama-3.1-8B-Instruct","5","512","max","sparse_prefill_snapkv","32","64","2048","max","2048","0.00006333549407768176","","21.4","0.5263157894736842","1","1","6426","7427.8","6426","7427.8","0.0001556178026766262","0.00018718211243883056","17.893682956695557","17.303638458251953","14","21.94","0.1539926528930664","16318","15869.78","16318","15869.78","16318","15869.78","1","1","19.186668872833252","17.291077613830566","22","5.98","5.968691349029541","1","","32.27","0"
"draft1_target1/Llama-3.1-8B-Instruct/ethan/ethan_longbench1/longbench/sparse_prefill_snapkv/00010","finished","-","","","2025-04-22T09:47:45.000Z","183","","cfg/draft1_target1/Llama-3.1-8B-Instruct/ethan/ethan_longbench1/longbench/sparse_prefill_snapkv/00010.yaml","longbench","50","","triviaqa","0","flash_attention_2","bfloat16","meta-llama/Llama-3.2-1B-Instruct","flash_attention_2","bfloat16","meta-llama/Llama-3.1-8B-Instruct","5","256","max","sparse_prefill_snapkv","32","64","2048","max","2048","0.00007521057139330047","","2","1","1","1","4181","12284.98","4181","12284.98","0.0002391772303276728","0.00012180517758519905","17.70520257949829","17.321295738220215","4","58.02","0.06032705307006836","12396","15009.7","12396","15009.7","12396","15009.7","1","1","18.716997623443604","17.290998458862305","2","3.84","0.855539083480835","1","","7.33","0"
"draft1_target1/Llama-3.1-8B-Instruct/ethan/ethan_longbench1/longbench/sparse_prefill_snapkv/00015","finished","-","","","2025-04-22T13:06:35.000Z","180","","cfg/draft1_target1/Llama-3.1-8B-Instruct/ethan/ethan_longbench1/longbench/sparse_prefill_snapkv/00015.yaml","longbench","50","","repobench-p","1","flash_attention_2","bfloat16","meta-llama/Llama-3.2-1B-Instruct","flash_attention_2","bfloat16","meta-llama/Llama-3.1-8B-Instruct","5","256","max","sparse_prefill_snapkv","32","64","2048","max","2048","0.0001422102178068484","","38.24","0.96","1","1","4310","10103.5","4310","10103.5","0.0002320185614849188","0.0001422102178068484","2.7596750259399414","2.363807201385498","64","64","0.43323493003845215","4310","10103.5","4310","10103.5","4310","10103.5","1","1","17.81645441055298","17.29086971282959","64","64","1.2405216693878174","1","","53.58","0.98"
"draft1_target1/Qwen2.5-14B-Instruct/ethan/ethan_longbench1/longbench/sparse_prefill_snapkv/00045","finished","-","","","2025-04-22T10:38:08.000Z","175","","cfg/draft1_target1/Qwen2.5-14B-Instruct/ethan/ethan_longbench1/longbench/sparse_prefill_snapkv/00045.yaml","longbench","50","","passage_retrieval_en","2","flash_attention_2","bfloat16","Qwen/Qwen2.5-0.5B-Instruct","flash_attention_2","bfloat16","Qwen/Qwen2.5-14B-Instruct","5","256","max","sparse_prefill_snapkv","32","64","2048","max","2048","0.00007802922726522599","","2","0","1","1","14541","12962.06","14541","12962.06","0.00006877106113747335","0.00007802922726522599","29.129326820373535","28.46670961380005","4","4","0.7835135459899902","14541","12962.06","14541","12962.06","14541","12962.06","1","1","30.2055926322937","28.463645458221436","32","22.28","2.567807674407959","1","","89.67","1"
"draft1_target1/Llama-3.1-8B-Instruct/ethan/ethan_longbench1/longbench/sparse_prefill_snapkv/00031","finished","-","","","2025-04-22T10:12:02.000Z","174","","cfg/draft1_target1/Llama-3.1-8B-Instruct/ethan/ethan_longbench1/longbench/sparse_prefill_snapkv/00031.yaml","longbench","50","","repobench-p","2","flash_attention_2","bfloat16","meta-llama/Llama-3.2-1B-Instruct","flash_attention_2","bfloat16","meta-llama/Llama-3.1-8B-Instruct","5","512","max","sparse_prefill_snapkv","32","64","2048","max","2048","0.0001422102178068484","","38.24","0.96","1","1","4310","10103.5","4310","10103.5","0.0002320185614849188","0.0001422102178068484","17.717090606689453","17.32133913040161","64","64","0.4678521156311035","4310","10103.5","4310","10103.5","4310","10103.5","1","1","17.85248851776123","17.29086971282959","64","64","1.2414219379425049","1","","52.52","0.98"
"draft1_target1/Qwen2.5-14B-Instruct/ethan/ethan_longbench1/longbench/sparse_prefill_snapkv/00061","finished","-","","","2025-04-22T13:17:26.000Z","171","","cfg/draft1_target1/Qwen2.5-14B-Instruct/ethan/ethan_longbench1/longbench/sparse_prefill_snapkv/00061.yaml","longbench","50","","passage_retrieval_en","1","flash_attention_2","bfloat16","Qwen/Qwen2.5-0.5B-Instruct","flash_attention_2","bfloat16","Qwen/Qwen2.5-14B-Instruct","5","512","max","sparse_prefill_snapkv","32","64","2048","max","2048","0.00007802922726522599","","2","0","1","1","14541","12962.06","14541","12962.06","0.00006877106113747335","0.00007802922726522599","29.129383087158203","28.466765880584717","4","4","0.6865513324737549","14541","12962.06","14541","12962.06","14541","12962.06","1","1","30.25678586959839","28.464499950408936","32","20.88","2.601996898651123","1","","92","1"
"draft1_target1/Llama-3.1-8B-Instruct/ethan/ethan_longbench1/longbench/sparse_prefill_snapkv/00009","finished","-","","","2025-04-22T12:52:29.000Z","169","","cfg/draft1_target1/Llama-3.1-8B-Instruct/ethan/ethan_longbench1/longbench/sparse_prefill_snapkv/00009.yaml","longbench","50","","trec","0","flash_attention_2","bfloat16","meta-llama/Llama-3.2-1B-Instruct","flash_attention_2","bfloat16","meta-llama/Llama-3.1-8B-Instruct","5","256","max","sparse_prefill_snapkv","32","64","2048","max","2048","0.00018408511879044673","","60","1","1","1","11033","6801.04","11033","6801.04","0.00009063717937097796","0.00018408511879044673","3.376901626586914","2.363837718963623","64","64","0.5231692790985107","11033","6801.04","11033","6801.04","11033","6801.04","1","1","18.563540935516357","17.290881156921387","64","64","1.585754632949829","1","","66","1"
"draft1_target1/Qwen2.5-14B-Instruct/ethan/ethan_longbench1/longbench/sparse_prefill_snapkv/00053","finished","-","","","2025-04-22T13:16:19.000Z","163","","cfg/draft1_target1/Qwen2.5-14B-Instruct/ethan/ethan_longbench1/longbench/sparse_prefill_snapkv/00053.yaml","longbench","50","","musique","0","flash_attention_2","bfloat16","Qwen/Qwen2.5-0.5B-Instruct","flash_attention_2","bfloat16","Qwen/Qwen2.5-14B-Instruct","5","512","max","sparse_prefill_snapkv","32","64","2048","max","2048","0.00006063210204474352","","13.25","0","1","1","16926","16582.82","16926","16582.82","0.00005908070424199457","0.00006063210204474352","29.24040937423706","28.469126224517822","3","9.58","0.14813756942749023","16926","16582.82","16926","16582.82","16926","16582.82","1","1","30.53256893157959","28.465511798858643","2","5.72","2.119592666625977","1","","41.81","0"
"draft1_target1/Llama-3.1-8B-Instruct/ethan/ethan_longbench1/longbench/sparse_prefill_snapkv/00025","finished","-","","","2025-04-22T13:07:22.000Z","163","","cfg/draft1_target1/Llama-3.1-8B-Instruct/ethan/ethan_longbench1/longbench/sparse_prefill_snapkv/00025.yaml","longbench","50","","trec","2","flash_attention_2","bfloat16","meta-llama/Llama-3.2-1B-Instruct","flash_attention_2","bfloat16","meta-llama/Llama-3.1-8B-Instruct","5","512","max","sparse_prefill_snapkv","32","64","2048","max","2048","0.00018408511879044673","","60","1","1","1","11033","6801.04","11033","6801.04","0.00009063717937097796","0.00018408511879044673","3.376901626586914","2.363837718963623","64","64","0.5139858722686768","11033","6801.04","11033","6801.04","11033","6801.04","1","1","18.598339557647705","17.290881156921387","64","64","1.6063849925994873","1","","64","1"
"draft1_target1/Llama-3.1-8B-Instruct/ethan/ethan_longbench1/longbench/sparse_prefill_snapkv/00002","finished","-","","","2025-04-22T09:36:31.000Z","153","","cfg/draft1_target1/Llama-3.1-8B-Instruct/ethan/ethan_longbench1/longbench/sparse_prefill_snapkv/00002.yaml","longbench","50","","multifieldqa_en","0","flash_attention_2","bfloat16","meta-llama/Llama-3.2-1B-Instruct","flash_attention_2","bfloat16","meta-llama/Llama-3.1-8B-Instruct","5","256","max","sparse_prefill_snapkv","32","64","2048","max","2048","0.00009280029420987316","","27.16","0.5263157894736842","1","1","6426","7427.8","6426","7427.8","0.0001556178026766262","0.00018718211243883056","17.893682956695557","17.303638458251953","14","21.94","0.15122413635253906","16353","12826.94","16353","12826.94","16353","12826.94","1","1","19.16125726699829","17.290966033935547","12","7.14","1.175187110900879","1","","58.42","1"
"draft1_target1/Qwen2.5-14B-Instruct/ethan/ethan_longbench1/longbench/sparse_prefill_snapkv/00035","finished","-","","","2025-04-22T10:16:59.000Z","149","","cfg/draft1_target1/Qwen2.5-14B-Instruct/ethan/ethan_longbench1/longbench/sparse_prefill_snapkv/00035.yaml","longbench","50","","hotpotqa","0","flash_attention_2","bfloat16","Qwen/Qwen2.5-0.5B-Instruct","flash_attention_2","bfloat16","Qwen/Qwen2.5-14B-Instruct","5","256","max","sparse_prefill_snapkv","32","64","2048","max","2048","0.0000890643069950677","","19.22","0.6399999999999999","1","1","17597","13378.6","17597","13378.6","0.000056827868386656816","0.0000890643069950677","29.281021118164062","28.477952003479004","27","12.72","0.3696269989013672","17597","13378.6","17597","13378.6","17597","13378.6","1","1","30.567480087280273","28.464462757110596","11","5.88","2.2288498878479004","1","","56.39","1"
"draft1_target1/Qwen2.5-14B-Instruct/ethan/ethan_longbench1/longbench/sparse_prefill_snapkv/00051","finished","-","","","2025-04-22T10:47:09.000Z","145","","cfg/draft1_target1/Qwen2.5-14B-Instruct/ethan/ethan_longbench1/longbench/sparse_prefill_snapkv/00051.yaml","longbench","50","","hotpotqa","0","flash_attention_2","bfloat16","Qwen/Qwen2.5-0.5B-Instruct","flash_attention_2","bfloat16","Qwen/Qwen2.5-14B-Instruct","5","512","max","sparse_prefill_snapkv","32","64","2048","max","2048","0.0000890643069950677","","19.22","0.6399999999999999","1","1","17597","13378.6","17597","13378.6","0.000056827868386656816","0.0000890643069950677","29.281021118164062","28.477952003479004","27","12.72","0.3703246116638184","17597","13378.6","17597","13378.6","17597","13378.6","1","1","30.615985870361328","28.464462757110596","11","5.42","2.2383944988250732","1","","56.39","1"
"draft1_target1/Llama-3.1-8B-Instruct/ethan/ethan_longbench1/longbench/sparse_prefill_snapkv/00003","finished","-","","","2025-04-22T12:52:29.000Z","120","","cfg/draft1_target1/Llama-3.1-8B-Instruct/ethan/ethan_longbench1/longbench/sparse_prefill_snapkv/00003.yaml","longbench","50","","hotpotqa","2","flash_attention_2","bfloat16","meta-llama/Llama-3.2-1B-Instruct","flash_attention_2","bfloat16","meta-llama/Llama-3.1-8B-Instruct","5","256","max","sparse_prefill_snapkv","32","64","2048","max","2048","0.00009280029420987316","","27.16","0.35714285714285715","1","1","16353","12826.94","16353","12826.94","0.00006115085916957133","0.00009280029420987316","3.8382086753845215","2.3357114791870117","27","6.2","0.3811991214752197","16353","12826.94","16353","12826.94","16353","12826.94","1","1","19.16125726699829","17.290966033935547","12","7.14","1.170950174331665","1","","58.42","1"
"draft1_target1/Llama-3.1-8B-Instruct/ethan/ethan_longbench1/longbench/sparse_prefill_snapkv/00005","finished","-","","","2025-04-22T09:39:05.000Z","110","","cfg/draft1_target1/Llama-3.1-8B-Instruct/ethan/ethan_longbench1/longbench/sparse_prefill_snapkv/00005.yaml","longbench","50","","musique","0","flash_attention_2","bfloat16","meta-llama/Llama-3.2-1B-Instruct","flash_attention_2","bfloat16","meta-llama/Llama-3.1-8B-Instruct","5","256","max","sparse_prefill_snapkv","32","64","2048","max","2048","0.00006333549407768176","","21.4","0","1","1","16318","15869.78","16318","15869.78","0.00006128201985537444","0.00006333549407768176","18.795548915863037","17.296164989471436","2","6.66","0.21484780311584473","16318","15869.78","16318","15869.78","16318","15869.78","1","1","19.150840282440186","17.291077613830566","22","6.68","5.19413161277771","1","","29.97","0"
"draft1_target1/Llama-3.1-8B-Instruct/ethan/ethan_longbench1/longbench/sparse_prefill_snapkv/00017","finished","-","","","2025-04-22T09:55:13.000Z","104","","cfg/draft1_target1/Llama-3.1-8B-Instruct/ethan/ethan_longbench1/longbench/sparse_prefill_snapkv/00017.yaml","longbench","50","","qasper","0","flash_attention_2","bfloat16","meta-llama/Llama-3.2-1B-Instruct","flash_attention_2","bfloat16","meta-llama/Llama-3.1-8B-Instruct","5","512","max","sparse_prefill_snapkv","32","64","2048","max","2048","0.00023092859767372457","","25.94","0","1","1","5851","5221.02","5851","5221.02","0.00017091095539224064","0.00023092859767372457","17.85629367828369","17.31904649734497","4","15.94","0.46820783615112305","5851","5221.02","5851","5221.02","5851","5221.02","1","1","18.02524423599243","17.291050910949707","33","21.22","0.8919382095336914","1","","46.67","0.392156862745098"
"draft1_target1/Llama-3.1-8B-Instruct/ethan/ethan_longbench1/longbench/sparse_prefill_snapkv/00029","finished","-","","","2025-04-22T10:10:06.000Z","97","","cfg/draft1_target1/Llama-3.1-8B-Instruct/ethan/ethan_longbench1/longbench/sparse_prefill_snapkv/00029.yaml","longbench","50","","passage_retrieval_en","0","flash_attention_2","bfloat16","meta-llama/Llama-3.2-1B-Instruct","flash_attention_2","bfloat16","meta-llama/Llama-3.1-8B-Instruct","5","512","max","sparse_prefill_snapkv","32","64","2048","max","2048","0.0000804742779338311","","2","0","1","1","13959","12562.02","13959","12562.02","0.00007163836951070993","0.0000804742779338311","18.57451105117798","17.292778968811035","4","4","0.19417142868041992","13959","12562.02","13959","12562.02","13959","12562.02","1","1","18.924246788024902","17.29101324081421","4","4","1.7036798000335691","1","","100","1"
"draft1_target1/Qwen2.5-14B-Instruct/ethan/ethan_longbench1/longbench/sparse_prefill_snapkv/00033","finished","-","","","2025-04-22T10:14:58.000Z","89","","cfg/draft1_target1/Qwen2.5-14B-Instruct/ethan/ethan_longbench1/longbench/sparse_prefill_snapkv/00033.yaml","longbench","50","","qasper","2","flash_attention_2","bfloat16","Qwen/Qwen2.5-0.5B-Instruct","flash_attention_2","bfloat16","Qwen/Qwen2.5-14B-Instruct","5","256","max","sparse_prefill_snapkv","32","64","2048","max","2048","0.0002281477932569214","","25.89","0.15384615384615383","1","1","5931","5303.86","5931","5303.86","0.0001686056314280897","0.0002281477932569214","16.192432403564453","15.922154903411863","39","20.36","0.3994300365447998","5931","5303.86","5931","5303.86","5931","5303.86","1","1","29.21870803833008","28.46368646621704","4","25.3","0.7712302207946777","1","","46.17","0"
"draft1_target1/Qwen2.5-14B-Instruct/ethan/ethan_longbench1/longbench/sparse_prefill_snapkv/00036","finished","-","","","2025-04-22T13:28:23.000Z","83","","cfg/draft1_target1/Qwen2.5-14B-Instruct/ethan/ethan_longbench1/longbench/sparse_prefill_snapkv/00036.yaml","longbench","50","","2wikimqa","2","flash_attention_2","bfloat16","Qwen/Qwen2.5-0.5B-Instruct","flash_attention_2","bfloat16","Qwen/Qwen2.5-14B-Instruct","5","256","max","sparse_prefill_snapkv","32","64","2048","max","2048","0.00016617958208665307","","25.54","1","1","1","5203","8017.7","5203","8017.7","0.00019219680953296177","0.00016617958208665307","1.193361759185791","0.9545116424560548","9","10.76","0.10334467887878418","5203","8017.7","5203","8017.7","5203","8017.7","1","1","29.124733924865723","28.462980270385746","9","8.12","0.8059258460998535","1","","63.08","1"
"draft1_target1/Llama-3.1-8B-Instruct/ethan/ethan_longbench1/longbench/sparse_prefill_snapkv/00021","finished","-","","","2025-04-22T13:06:36.000Z","83","","cfg/draft1_target1/Llama-3.1-8B-Instruct/ethan/ethan_longbench1/longbench/sparse_prefill_snapkv/00021.yaml","longbench","50","","musique","0","flash_attention_2","bfloat16","meta-llama/Llama-3.2-1B-Instruct","flash_attention_2","bfloat16","meta-llama/Llama-3.1-8B-Instruct","5","512","max","sparse_prefill_snapkv","32","64","2048","max","2048","0.00006333549407768176","","21.4","0","1","1","16318","15869.78","16318","15869.78","0.00006128201985537444","0.00006333549407768176","3.836969375610352","2.3386330604553223","2","6.66","0.21322917938232425","16318","15869.78","16318","15869.78","16318","15869.78","1","1","19.186668872833252","17.291077613830566","22","5.98","1.296938419342041","1","","32.27","0"
"draft1_target1/Qwen2.5-14B-Instruct/ethan/ethan_longbench1/longbench/sparse_prefill_snapkv/00052","finished","-","","","2025-04-22T13:28:24.000Z","81","","cfg/draft1_target1/Qwen2.5-14B-Instruct/ethan/ethan_longbench1/longbench/sparse_prefill_snapkv/00052.yaml","longbench","50","","2wikimqa","0","flash_attention_2","bfloat16","Qwen/Qwen2.5-0.5B-Instruct","flash_attention_2","bfloat16","Qwen/Qwen2.5-14B-Instruct","5","512","max","sparse_prefill_snapkv","32","64","2048","max","2048","0.00016617958208665307","","25.54","1","1","1","5203","8017.7","5203","8017.7","0.00019219680953296177","0.00016617958208665307","1.193361759185791","0.9545116424560548","9","10.76","0.10475993156433104","5203","8017.7","5203","8017.7","5203","8017.7","1","1","29.176700592041016","28.462980270385746","9","8.04","0.8007872104644775","1","","62.55","1"
"draft1_target1/Qwen2.5-14B-Instruct/ethan/ethan_longbench1/longbench/sparse_prefill_snapkv/00049","finished","-","","","2025-04-22T10:45:50.000Z","76","","cfg/draft1_target1/Qwen2.5-14B-Instruct/ethan/ethan_longbench1/longbench/sparse_prefill_snapkv/00049.yaml","longbench","50","","qasper","0","flash_attention_2","bfloat16","Qwen/Qwen2.5-0.5B-Instruct","flash_attention_2","bfloat16","Qwen/Qwen2.5-14B-Instruct","5","512","max","sparse_prefill_snapkv","32","64","2048","max","2048","0.0002281477932569214","","25.89","0.15384615384615383","1","1","5931","5303.86","5931","5303.86","0.0001686056314280897","0.0002281477932569214","28.747902870178223","28.476813793182373","39","20.36","0.3812673091888428","5931","5303.86","5931","5303.86","5931","5303.86","1","1","29.26997423171997","28.4645414352417","4","21.44","0.7702710628509521","1","","52.46","0"
"draft1_target1/Llama-3.1-8B-Instruct/ethan/ethan_longbench1/longbench/sparse_prefill_snapkv/00028","finished","-","","","2025-04-22T10:08:48.000Z","75","","cfg/draft1_target1/Llama-3.1-8B-Instruct/ethan/ethan_longbench1/longbench/sparse_prefill_snapkv/00028.yaml","longbench","50","","passage_count","0","flash_attention_2","bfloat16","meta-llama/Llama-3.2-1B-Instruct","flash_attention_2","bfloat16","meta-llama/Llama-3.1-8B-Instruct","5","512","max","sparse_prefill_snapkv","32","64","2048","max","2048","0.00007521057139330047","","2","0","1","1","12396","15009.7","12396","15009.7","0.00008067118425298483","0.00007521057139330047","18.43492078781128","17.296119213104248","11","10.72","0.20769214630126953","12396","15009.7","12396","15009.7","12396","15009.7","1","1","18.751437187194824","17.290998458862305","15","5.42","1.048121690750122","1","","7.33","0"
"draft1_target1/Llama-3.1-8B-Instruct/ethan/ethan_longbench1/longbench/sparse_prefill_snapkv/00012","finished","-","","","2025-04-22T12:54:31.000Z","74","","cfg/draft1_target1/Llama-3.1-8B-Instruct/ethan/ethan_longbench1/longbench/sparse_prefill_snapkv/00012.yaml","longbench","50","","passage_count","2","flash_attention_2","bfloat16","meta-llama/Llama-3.2-1B-Instruct","flash_attention_2","bfloat16","meta-llama/Llama-3.1-8B-Instruct","5","256","max","sparse_prefill_snapkv","32","64","2048","max","2048","0.00007521057139330047","","2","0","1","1","12396","15009.7","12396","15009.7","0.00008067118425298483","0.00007521057139330047","18.43505573272705","17.296119213104248","11","10.72","0.2113032341003418","12396","15009.7","12396","15009.7","12396","15009.7","1","1","18.716997623443604","17.290998458862305","2","3.84","0.8635258674621582","1","","7.33","0"
"draft1_target1/Llama-3.1-8B-Instruct/ethan/ethan_longbench1/longbench/sparse_prefill_snapkv/00019","finished","-","","","2025-04-22T09:56:59.000Z","64","","cfg/draft1_target1/Llama-3.1-8B-Instruct/ethan/ethan_longbench1/longbench/sparse_prefill_snapkv/00019.yaml","longbench","50","","hotpotqa","0","flash_attention_2","bfloat16","meta-llama/Llama-3.2-1B-Instruct","flash_attention_2","bfloat16","meta-llama/Llama-3.1-8B-Instruct","5","512","max","sparse_prefill_snapkv","32","64","2048","max","2048","0.00009280029420987316","","27.16","0.35714285714285715","1","1","16353","12826.94","16353","12826.94","0.00006115085916957133","0.00009280029420987316","18.795740604400635","17.293243408203125","27","6.2","0.38229918479919434","16353","12826.94","16353","12826.94","16353","12826.94","1","1","19.195456981658936","17.290966033935547","12","6.98","1.1829965114593506","1","","58.45","1"
"draft1_target1/Llama-3.1-8B-Instruct/ethan/ethan_longbench1/longbench/sparse_prefill_snapkv/00001","finished","-","","","2025-04-22T09:35:26.000Z","63","","cfg/draft1_target1/Llama-3.1-8B-Instruct/ethan/ethan_longbench1/longbench/sparse_prefill_snapkv/00001.yaml","longbench","50","","qasper","0","flash_attention_2","bfloat16","meta-llama/Llama-3.2-1B-Instruct","flash_attention_2","bfloat16","meta-llama/Llama-3.1-8B-Instruct","5","256","max","sparse_prefill_snapkv","32","64","2048","max","2048","0.00023092859767372457","","25.94","0","1","1","5851","5221.02","5851","5221.02","0.00017091095539224064","0.00023092859767372457","2.8992128372192383","2.3615145683288574","4","15.94","0.07649612426757812","5851","5221.02","5851","5221.02","5851","5221.02","1","1","17.98884153366089","17.291050910949707","24","24.38","0.7493896484375","1","","41.34","0.3404255319148936"
"draft1_target1/Llama-3.1-8B-Instruct/ethan/ethan_longbench1/longbench/sparse_prefill_snapkv/00013","finished","-","","","2025-04-22T09:50:50.000Z","60","","cfg/draft1_target1/Llama-3.1-8B-Instruct/ethan/ethan_longbench1/longbench/sparse_prefill_snapkv/00013.yaml","longbench","50","","passage_retrieval_en","0","flash_attention_2","bfloat16","meta-llama/Llama-3.2-1B-Instruct","flash_attention_2","bfloat16","meta-llama/Llama-3.1-8B-Instruct","5","256","max","sparse_prefill_snapkv","32","64","2048","max","2048","0.0000804742779338311","","2","0","1","1","13959","12562.02","13959","12562.02","0.00007163836951070993","0.0000804742779338311","18.57451105117798","17.292778968811035","4","4","0.19278526306152344","13959","12562.02","13959","12562.02","13959","12562.02","1","1","18.889081954956055","17.29101324081421","4","4","0.9889390468597412","1","","100","1"
"draft1_target1/Llama-3.1-8B-Instruct/ethan/ethan_longbench1/longbench/sparse_prefill_snapkv/00020","finished","-","","","2025-04-22T13:28:23.000Z","53","","cfg/draft1_target1/Llama-3.1-8B-Instruct/ethan/ethan_longbench1/longbench/sparse_prefill_snapkv/00020.yaml","longbench","50","","2wikimqa","1","flash_attention_2","bfloat16","meta-llama/Llama-3.2-1B-Instruct","flash_attention_2","bfloat16","meta-llama/Llama-3.1-8B-Instruct","5","512","max","sparse_prefill_snapkv","32","64","2048","max","2048","0.00017596448118699045","","39.19","1","1","1","5149","7644.82","5149","7644.82","0.0001942124684404739","0.00017596448118699045","2.8083934783935547","2.335604190826416","9","6.74","0.10609102249145508","5149","7644.82","5149","7644.82","5149","7644.82","1","1","17.945363998413086","17.291040897369385","32","8.12","0.8079752922058105","1","","51.06","0"